S.No.,Name,Time
1,Osama,8.307008266448975
2,Osama,9.068732261657715
3,Osama,9.408819675445557
4,Osama,9.793329000473022
5,Osama,10.049715280532837
6,Osama,10.660083532333374
7,Osama,11.198506355285645
8,Osama,11.343120336532593
