S.No.,Name,Time
1,Osama,5.73011040687561
2,Osama,6.236721992492676
3,Osama,6.442173004150391
4,Osama,6.713541507720947
5,Osama,6.849251985549927
6,Osama,7.293710470199585
7,Osama,7.6180291175842285
8,Osama,7.712775468826294
